Config,Mode,Time
AssetTransferConfig_k=8,states,0:08:44
BasicProvenanceConfig_k=8,states,0:00:13
DefectiveComponentCounterConfig_k=8,states,0:00:05
DigitalLockerConfig_k=8,states,0:03:09
FrequentFlyerRewardsCalculatorConfig_k=8,states,0:00:05
HelloBlockchainConfig_k=8,states,0:00:07
RefrigeratedTransportationConfig_k=8,states,0:00:28
RoomThermostatConfig_k=8,states,0:00:09
SimpleMarketplaceConfig_k=8,states,0:00:16
AssetTransferFixedConfig_k=8,states,0:08:47
BasicProvenanceFixedConfig_k=8,states,0:00:13
DefectiveComponentCounterFixedConfig_k=8,states,0:00:06
DigitalLockerFixedConfig_k=8,states,0:03:03
HelloBlockchainFixedConfig_k=8,states,0:00:07
RefrigeratedTransportationFixedConfig_k=8,states,0:00:27
SimpleMarketplaceFixedConfig_k=8,states,0:00:16
RefundEscrowConfig_k=8,states,0:00:31
RefundEscrowConfig_k=8,epa,0:00:30
RefundEscrowWithdrawConfig_k=8,epa,0:01:04
EscrowVaultConfig_k=8,states,0:01:09
EscrowVaultConfig_k=8,epa,0:00:40
EPXCrowdsaleConfig_k=8,states,0:07:22
EPXCrowdsaleConfig_k=8,epa,0:01:49
EPXCrowdsaleIsCrowdsaleClosedConfig_k=8,epa,0:02:54
ValidatorAuctionConfig_k=8,states,0:01:45
ValidatorAuctionConfig_k=8,epa,0:01:37
ValidatorAuction_withdrawConfig_k=8,epa,0:03:18
SimpleAuctionConfig_k=8,epa,0:01:02
SimpleAuctionTimeConfig_k=8,epa,0:01:32
SimpleAuctionEndedConfig_k=8,epa,0:01:06
SimpleAuctionHBConfig_k=8,states,0:01:22
AuctionConfig_k=8,epa,0:00:18
AuctionEndedConfig_k=8,epa,0:00:23
AuctionWithdrawConfig_k=8,epa,0:00:41
RockPaperScissorsConfig_k=8,states,0:00:56
RockPaperScissorsConfig_k=8,epa,0:00:19
CrowdfundingTime_BaseConfig_k=8,epa,0:00:24
CrowdfundingTime_BaseBalanceConfig_k=8,epa,0:01:14
CrowdfundingTime_BaseBalanceFixConfig_k=8,epa,0:00:59
EtherstoreOriginalReentrancyConfig_k=8,epa,0:05:40
ReentranceOriginalReentrancyConfig_k=8,epa,0:10:16
Reentrancy_daoOriginalReentrancyConfig_k=8,epa,0:03:26
Reentrancy_simpleOriginalReentrancyConfig_k=8,epa,0:04:37
Simple_daoOriginalReentrancyConfig_k=8,epa,0:10:13
EtherstoreReentrancyConfig_k=16,epa,0:12:51
ReentranceReentrancyConfig_k=16,epa,0:12:16
Reentrancy_daoReentrancyConfig_k=16,epa,0:20:57
Reentrancy_simpleReentrancyConfig_k=16,epa,0:20:54
Simple_daoReentrancyConfig_k=16,epa,0:12:16
EtherstoreReentrancyFixedConfig_k=16,epa,0:32:05
ReentranceReentrancyFixedConfig_k=16,epa,0:31:40
Reentrancy_daoReentrancyFixedConfig_k=16,epa,0:20:13
Reentrancy_simpleReentrancyFixedConfig_k=16,epa,0:31:31
Simple_daoReentrancyFixedConfig_k=16,epa,0:31:41